brand_final,transactions,revenue,avg_ticket
Apple,667,108841.11,163.18007496251874
Samsung,158,30873.49,195.40183544303798
Google,29,4875.0,168.10344827586206
Unknown,36,3947.0,109.63888888888889
Accessory,21,1395.0,66.42857142857143
Microsoft,6,1230.0,205.0
Motorola,9,1015.0,112.77777777777777
Smoke / Vape,25,937.0,37.48
Sony,4,900.0,225.0
HP,4,285.0,71.25
Lenovo,2,227.0,113.5
LG,1,220.0,220.0
OnePlus,3,210.0,70.0
Dell,1,130.0,130.0
Asus,1,100.0,100.0
Acer,1,80.0,80.0
