device_type_final,transactions,revenue,avg_ticket
phone,722,115118.98,159.4445706371191
tablet,118,21736.62,184.2086440677966
computer,41,11571.0,282.219512195122
unknown,28,2487.0,88.82142857142857
accessory,21,1395.0,66.42857142857143
console,6,1220.0,203.33333333333334
smoke_vape,25,937.0,37.48
watch,5,585.0,117.0
tv,1,130.0,130.0
headphones,1,85.0,85.0
